Label	ImageSource
a	C:\Users\chaos\Desktop\data ML\a\a.jpg
a	C:\Users\chaos\Desktop\data ML\a\a1.jpg
a	C:\Users\chaos\Desktop\data ML\a\a10.jpg
a	C:\Users\chaos\Desktop\data ML\a\a11.jpg
a	C:\Users\chaos\Desktop\data ML\a\a12.jpg
a	C:\Users\chaos\Desktop\data ML\a\a14.jpg
a	C:\Users\chaos\Desktop\data ML\a\a2.jpg
a	C:\Users\chaos\Desktop\data ML\a\a3.jpg
a	C:\Users\chaos\Desktop\data ML\a\a4.jpg
a	C:\Users\chaos\Desktop\data ML\a\a5.jpg
a	C:\Users\chaos\Desktop\data ML\a\a6.jpg
a	C:\Users\chaos\Desktop\data ML\a\a7.jpg
a	C:\Users\chaos\Desktop\data ML\a\a8.jpg
a	C:\Users\chaos\Desktop\data ML\a\a9.jpg
a	C:\Users\chaos\Desktop\data ML\a\a_test.png
b	C:\Users\chaos\Desktop\data ML\b\b.1.jpg
b	C:\Users\chaos\Desktop\data ML\b\b.jpg
b	C:\Users\chaos\Desktop\data ML\b\b1.jpg
b	C:\Users\chaos\Desktop\data ML\b\b10.jpg
b	C:\Users\chaos\Desktop\data ML\b\b12.jpg
b	C:\Users\chaos\Desktop\data ML\b\b14.jpg
b	C:\Users\chaos\Desktop\data ML\b\b2.jpg
b	C:\Users\chaos\Desktop\data ML\b\b3.jpg
b	C:\Users\chaos\Desktop\data ML\b\b4.jpg
b	C:\Users\chaos\Desktop\data ML\b\b5.jpg
b	C:\Users\chaos\Desktop\data ML\b\b6.jpg
b	C:\Users\chaos\Desktop\data ML\b\b7.jpg
b	C:\Users\chaos\Desktop\data ML\b\b8.jpg
b	C:\Users\chaos\Desktop\data ML\b\b9.jpg
b	C:\Users\chaos\Desktop\data ML\b\b_test.png
c	C:\Users\chaos\Desktop\data ML\c\c.jpg
c	C:\Users\chaos\Desktop\data ML\c\c1.jpg
c	C:\Users\chaos\Desktop\data ML\c\c10.jpg
c	C:\Users\chaos\Desktop\data ML\c\c11.jpg
c	C:\Users\chaos\Desktop\data ML\c\c12.jpg
c	C:\Users\chaos\Desktop\data ML\c\c14.jpg
c	C:\Users\chaos\Desktop\data ML\c\c2.jpg
c	C:\Users\chaos\Desktop\data ML\c\c3.jpg
c	C:\Users\chaos\Desktop\data ML\c\c4.jpg
c	C:\Users\chaos\Desktop\data ML\c\c5.jpg
c	C:\Users\chaos\Desktop\data ML\c\c6.jpg
c	C:\Users\chaos\Desktop\data ML\c\c7.jpg
c	C:\Users\chaos\Desktop\data ML\c\c8.jpg
c	C:\Users\chaos\Desktop\data ML\c\c9.jpg
d	C:\Users\chaos\Desktop\data ML\d\d.jpg
d	C:\Users\chaos\Desktop\data ML\d\d1.jpg
d	C:\Users\chaos\Desktop\data ML\d\d10.jpg
d	C:\Users\chaos\Desktop\data ML\d\d11.jpg
d	C:\Users\chaos\Desktop\data ML\d\d13.jpg
d	C:\Users\chaos\Desktop\data ML\d\d2.jpg
d	C:\Users\chaos\Desktop\data ML\d\d3.jpg
d	C:\Users\chaos\Desktop\data ML\d\d4.jpg
d	C:\Users\chaos\Desktop\data ML\d\d5.jpg
d	C:\Users\chaos\Desktop\data ML\d\d6.jpg
d	C:\Users\chaos\Desktop\data ML\d\d7.jpg
d	C:\Users\chaos\Desktop\data ML\d\d8.jpg
d	C:\Users\chaos\Desktop\data ML\d\d9.jpg
e	C:\Users\chaos\Desktop\data ML\e\d2.jpg
e	C:\Users\chaos\Desktop\data ML\e\e.jpg
e	C:\Users\chaos\Desktop\data ML\e\e1.jpg
e	C:\Users\chaos\Desktop\data ML\e\e10.jpg
e	C:\Users\chaos\Desktop\data ML\e\e11.jpg
e	C:\Users\chaos\Desktop\data ML\e\e13.jpg
e	C:\Users\chaos\Desktop\data ML\e\e3.jpg
e	C:\Users\chaos\Desktop\data ML\e\e4.jpg
e	C:\Users\chaos\Desktop\data ML\e\e5.jpg
e	C:\Users\chaos\Desktop\data ML\e\e6.jpg
e	C:\Users\chaos\Desktop\data ML\e\e7.jpg
e	C:\Users\chaos\Desktop\data ML\e\e8.jpg
e	C:\Users\chaos\Desktop\data ML\e\e9.jpg
f	C:\Users\chaos\Desktop\data ML\f\f.jpg
f	C:\Users\chaos\Desktop\data ML\f\f1.jpg
f	C:\Users\chaos\Desktop\data ML\f\f10.jpg
f	C:\Users\chaos\Desktop\data ML\f\f11.jpg
f	C:\Users\chaos\Desktop\data ML\f\f12.jpg
f	C:\Users\chaos\Desktop\data ML\f\f2.jpg
f	C:\Users\chaos\Desktop\data ML\f\f3.jpg
f	C:\Users\chaos\Desktop\data ML\f\f4.jpg
f	C:\Users\chaos\Desktop\data ML\f\f5.jpg
f	C:\Users\chaos\Desktop\data ML\f\f6.jpg
f	C:\Users\chaos\Desktop\data ML\f\f7.jpg
f	C:\Users\chaos\Desktop\data ML\f\f8.jpg
f	C:\Users\chaos\Desktop\data ML\f\f9.jpg
g	C:\Users\chaos\Desktop\data ML\g\g.jpg
g	C:\Users\chaos\Desktop\data ML\g\g1.png
g	C:\Users\chaos\Desktop\data ML\g\g10.png
g	C:\Users\chaos\Desktop\data ML\g\g11.png
g	C:\Users\chaos\Desktop\data ML\g\g12.png
g	C:\Users\chaos\Desktop\data ML\g\g2.png
g	C:\Users\chaos\Desktop\data ML\g\g3.png
g	C:\Users\chaos\Desktop\data ML\g\g4.png
g	C:\Users\chaos\Desktop\data ML\g\g5.png
g	C:\Users\chaos\Desktop\data ML\g\g6.png
g	C:\Users\chaos\Desktop\data ML\g\g7.png
g	C:\Users\chaos\Desktop\data ML\g\g8.png
g	C:\Users\chaos\Desktop\data ML\g\g9.png
h	C:\Users\chaos\Desktop\data ML\h\h.jpg
h	C:\Users\chaos\Desktop\data ML\h\h1.jpg
h	C:\Users\chaos\Desktop\data ML\h\h10.jpg
h	C:\Users\chaos\Desktop\data ML\h\h11.jpg
h	C:\Users\chaos\Desktop\data ML\h\h12.jpg
h	C:\Users\chaos\Desktop\data ML\h\h14.jpg
h	C:\Users\chaos\Desktop\data ML\h\h2.jpg
h	C:\Users\chaos\Desktop\data ML\h\h3.jpg
h	C:\Users\chaos\Desktop\data ML\h\h4.jpg
h	C:\Users\chaos\Desktop\data ML\h\h5.jpg
h	C:\Users\chaos\Desktop\data ML\h\h6.jpg
h	C:\Users\chaos\Desktop\data ML\h\h7.jpg
h	C:\Users\chaos\Desktop\data ML\h\h8.jpg
i	C:\Users\chaos\Desktop\data ML\i\i.jpg
i	C:\Users\chaos\Desktop\data ML\i\i1.png
i	C:\Users\chaos\Desktop\data ML\i\i10.png
i	C:\Users\chaos\Desktop\data ML\i\i11.png
i	C:\Users\chaos\Desktop\data ML\i\i12.png
i	C:\Users\chaos\Desktop\data ML\i\i2.jpg
i	C:\Users\chaos\Desktop\data ML\i\i2.png
i	C:\Users\chaos\Desktop\data ML\i\i3.png
i	C:\Users\chaos\Desktop\data ML\i\i4.png
i	C:\Users\chaos\Desktop\data ML\i\i6.png
i	C:\Users\chaos\Desktop\data ML\i\i7.png
i	C:\Users\chaos\Desktop\data ML\i\i8.png
i	C:\Users\chaos\Desktop\data ML\i\i9.png
i	C:\Users\chaos\Desktop\data ML\i\á»‹.png
j	C:\Users\chaos\Desktop\data ML\j\i1.png
j	C:\Users\chaos\Desktop\data ML\j\i2.png
j	C:\Users\chaos\Desktop\data ML\j\j.jpg
j	C:\Users\chaos\Desktop\data ML\j\j10.png
j	C:\Users\chaos\Desktop\data ML\j\j11.png
j	C:\Users\chaos\Desktop\data ML\j\j12.png
j	C:\Users\chaos\Desktop\data ML\j\j2.jpg
j	C:\Users\chaos\Desktop\data ML\j\j3.png
j	C:\Users\chaos\Desktop\data ML\j\j4.png
j	C:\Users\chaos\Desktop\data ML\j\j5.png
j	C:\Users\chaos\Desktop\data ML\j\j6.png
j	C:\Users\chaos\Desktop\data ML\j\j7.png
j	C:\Users\chaos\Desktop\data ML\j\j8.png
j	C:\Users\chaos\Desktop\data ML\j\j9.png
k	C:\Users\chaos\Desktop\data ML\k\k.jpg
k	C:\Users\chaos\Desktop\data ML\k\k1.png
k	C:\Users\chaos\Desktop\data ML\k\k10.png
k	C:\Users\chaos\Desktop\data ML\k\k11.png
k	C:\Users\chaos\Desktop\data ML\k\k12.png
k	C:\Users\chaos\Desktop\data ML\k\k13.png
k	C:\Users\chaos\Desktop\data ML\k\k14.png
k	C:\Users\chaos\Desktop\data ML\k\k15.png
k	C:\Users\chaos\Desktop\data ML\k\k2.png
k	C:\Users\chaos\Desktop\data ML\k\k3.png
k	C:\Users\chaos\Desktop\data ML\k\k4.png
k	C:\Users\chaos\Desktop\data ML\k\k5.png
k	C:\Users\chaos\Desktop\data ML\k\k6.png
k	C:\Users\chaos\Desktop\data ML\k\k7.png
k	C:\Users\chaos\Desktop\data ML\k\k8.png
k	C:\Users\chaos\Desktop\data ML\k\k9.png
l	C:\Users\chaos\Desktop\data ML\l\l.jpg
l	C:\Users\chaos\Desktop\data ML\l\l.png
l	C:\Users\chaos\Desktop\data ML\l\l1.png
l	C:\Users\chaos\Desktop\data ML\l\l2.png
l	C:\Users\chaos\Desktop\data ML\l\l3.png
l	C:\Users\chaos\Desktop\data ML\l\l4.png
l	C:\Users\chaos\Desktop\data ML\l\l5.png
l	C:\Users\chaos\Desktop\data ML\l\l6.png
l	C:\Users\chaos\Desktop\data ML\l\l7.png
l	C:\Users\chaos\Desktop\data ML\l\l8.png
m	C:\Users\chaos\Desktop\data ML\m\m.jpg
m	C:\Users\chaos\Desktop\data ML\m\m.png
m	C:\Users\chaos\Desktop\data ML\m\m1.png
m	C:\Users\chaos\Desktop\data ML\m\m10.png
m	C:\Users\chaos\Desktop\data ML\m\m11.png
m	C:\Users\chaos\Desktop\data ML\m\m12.png
m	C:\Users\chaos\Desktop\data ML\m\m3.png
m	C:\Users\chaos\Desktop\data ML\m\m4.png
m	C:\Users\chaos\Desktop\data ML\m\m5.png
m	C:\Users\chaos\Desktop\data ML\m\m6.png
m	C:\Users\chaos\Desktop\data ML\m\m7.png
m	C:\Users\chaos\Desktop\data ML\m\m8.png
m	C:\Users\chaos\Desktop\data ML\m\m9.png
n	C:\Users\chaos\Desktop\data ML\n\n.jpg
n	C:\Users\chaos\Desktop\data ML\n\n.png
n	C:\Users\chaos\Desktop\data ML\n\n2.png
n	C:\Users\chaos\Desktop\data ML\n\n3.png
n	C:\Users\chaos\Desktop\data ML\n\n4.png
n	C:\Users\chaos\Desktop\data ML\n\n5.png
n	C:\Users\chaos\Desktop\data ML\n\n6.png
n	C:\Users\chaos\Desktop\data ML\n\n7.png
n	C:\Users\chaos\Desktop\data ML\n\n8.png
n	C:\Users\chaos\Desktop\data ML\n\n9.png
o	C:\Users\chaos\Desktop\data ML\o\05.png
o	C:\Users\chaos\Desktop\data ML\o\o.jpg
o	C:\Users\chaos\Desktop\data ML\o\o.png
o	C:\Users\chaos\Desktop\data ML\o\o1.png
o	C:\Users\chaos\Desktop\data ML\o\o2.png
o	C:\Users\chaos\Desktop\data ML\o\o3.png
o	C:\Users\chaos\Desktop\data ML\o\o4.png
o	C:\Users\chaos\Desktop\data ML\o\o6.png
o	C:\Users\chaos\Desktop\data ML\o\o7.png
o	C:\Users\chaos\Desktop\data ML\o\o8.png
p	C:\Users\chaos\Desktop\data ML\p\p.jpg
p	C:\Users\chaos\Desktop\data ML\p\p.png
p	C:\Users\chaos\Desktop\data ML\p\p1.png
p	C:\Users\chaos\Desktop\data ML\p\p10.png
p	C:\Users\chaos\Desktop\data ML\p\p2.png
p	C:\Users\chaos\Desktop\data ML\p\p3.png
p	C:\Users\chaos\Desktop\data ML\p\p4.png
p	C:\Users\chaos\Desktop\data ML\p\p5.png
p	C:\Users\chaos\Desktop\data ML\p\p6.png
p	C:\Users\chaos\Desktop\data ML\p\p7.png
p	C:\Users\chaos\Desktop\data ML\p\p8.png
p	C:\Users\chaos\Desktop\data ML\p\p9.png
q	C:\Users\chaos\Desktop\data ML\q\q.jpg
q	C:\Users\chaos\Desktop\data ML\q\q.png
q	C:\Users\chaos\Desktop\data ML\q\q1.png
q	C:\Users\chaos\Desktop\data ML\q\q10.png
q	C:\Users\chaos\Desktop\data ML\q\q11.png
q	C:\Users\chaos\Desktop\data ML\q\q2.png
q	C:\Users\chaos\Desktop\data ML\q\q3.png
q	C:\Users\chaos\Desktop\data ML\q\q4.png
q	C:\Users\chaos\Desktop\data ML\q\q5.png
q	C:\Users\chaos\Desktop\data ML\q\q6.png
q	C:\Users\chaos\Desktop\data ML\q\q7.png
q	C:\Users\chaos\Desktop\data ML\q\q8.png
r	C:\Users\chaos\Desktop\data ML\r\r.jpg
r	C:\Users\chaos\Desktop\data ML\r\r.png
r	C:\Users\chaos\Desktop\data ML\r\r1.png
r	C:\Users\chaos\Desktop\data ML\r\r10.png
r	C:\Users\chaos\Desktop\data ML\r\r11.png
r	C:\Users\chaos\Desktop\data ML\r\r12.png
r	C:\Users\chaos\Desktop\data ML\r\r13.png
r	C:\Users\chaos\Desktop\data ML\r\r14.png
r	C:\Users\chaos\Desktop\data ML\r\r15.png
r	C:\Users\chaos\Desktop\data ML\r\r2.png
r	C:\Users\chaos\Desktop\data ML\r\r3.png
r	C:\Users\chaos\Desktop\data ML\r\r4.png
r	C:\Users\chaos\Desktop\data ML\r\r5.png
r	C:\Users\chaos\Desktop\data ML\r\r6.png
r	C:\Users\chaos\Desktop\data ML\r\r7.png
r	C:\Users\chaos\Desktop\data ML\r\r8.png
r	C:\Users\chaos\Desktop\data ML\r\r9.png
s	C:\Users\chaos\Desktop\data ML\s\s.jpg
s	C:\Users\chaos\Desktop\data ML\s\s.png
s	C:\Users\chaos\Desktop\data ML\s\s1.png
s	C:\Users\chaos\Desktop\data ML\s\s10.png
s	C:\Users\chaos\Desktop\data ML\s\s11.png
s	C:\Users\chaos\Desktop\data ML\s\s12.png
s	C:\Users\chaos\Desktop\data ML\s\s13.png
s	C:\Users\chaos\Desktop\data ML\s\s14.png
s	C:\Users\chaos\Desktop\data ML\s\s15.png
s	C:\Users\chaos\Desktop\data ML\s\s2.png
s	C:\Users\chaos\Desktop\data ML\s\s3.png
s	C:\Users\chaos\Desktop\data ML\s\s4.png
s	C:\Users\chaos\Desktop\data ML\s\s5.png
s	C:\Users\chaos\Desktop\data ML\s\s6.png
s	C:\Users\chaos\Desktop\data ML\s\s7.png
s	C:\Users\chaos\Desktop\data ML\s\s8.png
s	C:\Users\chaos\Desktop\data ML\s\s9.png
t	C:\Users\chaos\Desktop\data ML\t\t.jpg
t	C:\Users\chaos\Desktop\data ML\t\t1.png
t	C:\Users\chaos\Desktop\data ML\t\t2.png
t	C:\Users\chaos\Desktop\data ML\t\t3.png
t	C:\Users\chaos\Desktop\data ML\t\t4.png
t	C:\Users\chaos\Desktop\data ML\t\t5.png
t	C:\Users\chaos\Desktop\data ML\t\t6.png
t	C:\Users\chaos\Desktop\data ML\t\t7.png
u	C:\Users\chaos\Desktop\data ML\u\u.jpg
u	C:\Users\chaos\Desktop\data ML\u\u.png
u	C:\Users\chaos\Desktop\data ML\u\u1.png
u	C:\Users\chaos\Desktop\data ML\u\u2.png
u	C:\Users\chaos\Desktop\data ML\u\u3.png
u	C:\Users\chaos\Desktop\data ML\u\u4.png
u	C:\Users\chaos\Desktop\data ML\u\u5.png
u	C:\Users\chaos\Desktop\data ML\u\u6.png
u	C:\Users\chaos\Desktop\data ML\u\u7.png
u	C:\Users\chaos\Desktop\data ML\u\u8.png
u	C:\Users\chaos\Desktop\data ML\u\u9.png
v	C:\Users\chaos\Desktop\data ML\v\u9.png
v	C:\Users\chaos\Desktop\data ML\v\v.jpg
v	C:\Users\chaos\Desktop\data ML\v\v.png
v	C:\Users\chaos\Desktop\data ML\v\v1.png
v	C:\Users\chaos\Desktop\data ML\v\v10.png
v	C:\Users\chaos\Desktop\data ML\v\v11.png
v	C:\Users\chaos\Desktop\data ML\v\v12.png
v	C:\Users\chaos\Desktop\data ML\v\v13.png
v	C:\Users\chaos\Desktop\data ML\v\v14.png
v	C:\Users\chaos\Desktop\data ML\v\v15.png
v	C:\Users\chaos\Desktop\data ML\v\v2.png
v	C:\Users\chaos\Desktop\data ML\v\v3.png
v	C:\Users\chaos\Desktop\data ML\v\v4.png
v	C:\Users\chaos\Desktop\data ML\v\v5.png
v	C:\Users\chaos\Desktop\data ML\v\v6.png
v	C:\Users\chaos\Desktop\data ML\v\v7.png
v	C:\Users\chaos\Desktop\data ML\v\v8.png
v	C:\Users\chaos\Desktop\data ML\v\v9.png
w	C:\Users\chaos\Desktop\data ML\w\w.jpg
w	C:\Users\chaos\Desktop\data ML\w\w.png
w	C:\Users\chaos\Desktop\data ML\w\w1.png
w	C:\Users\chaos\Desktop\data ML\w\w2.png
w	C:\Users\chaos\Desktop\data ML\w\w3.png
w	C:\Users\chaos\Desktop\data ML\w\w4.png
w	C:\Users\chaos\Desktop\data ML\w\w5.png
w	C:\Users\chaos\Desktop\data ML\w\w6.png
w	C:\Users\chaos\Desktop\data ML\w\w7.png
w	C:\Users\chaos\Desktop\data ML\w\w8.png
w	C:\Users\chaos\Desktop\data ML\w\w9.png
x	C:\Users\chaos\Desktop\data ML\x\x.jpg
x	C:\Users\chaos\Desktop\data ML\x\x.png
x	C:\Users\chaos\Desktop\data ML\x\x1.png
x	C:\Users\chaos\Desktop\data ML\x\x10.png
x	C:\Users\chaos\Desktop\data ML\x\x11.png
x	C:\Users\chaos\Desktop\data ML\x\x2.png
x	C:\Users\chaos\Desktop\data ML\x\x3.png
x	C:\Users\chaos\Desktop\data ML\x\x4.png
x	C:\Users\chaos\Desktop\data ML\x\x5.png
x	C:\Users\chaos\Desktop\data ML\x\x6.png
x	C:\Users\chaos\Desktop\data ML\x\x7.png
x	C:\Users\chaos\Desktop\data ML\x\x8.png
x	C:\Users\chaos\Desktop\data ML\x\x9.png
y	C:\Users\chaos\Desktop\data ML\y\y.jpg
y	C:\Users\chaos\Desktop\data ML\y\y.png
y	C:\Users\chaos\Desktop\data ML\y\y1.png
y	C:\Users\chaos\Desktop\data ML\y\y10.png
y	C:\Users\chaos\Desktop\data ML\y\y2.png
y	C:\Users\chaos\Desktop\data ML\y\y3.png
y	C:\Users\chaos\Desktop\data ML\y\y4.png
y	C:\Users\chaos\Desktop\data ML\y\y5.png
y	C:\Users\chaos\Desktop\data ML\y\y6.png
y	C:\Users\chaos\Desktop\data ML\y\y7.png
y	C:\Users\chaos\Desktop\data ML\y\y8.png
y	C:\Users\chaos\Desktop\data ML\y\y9.png
z	C:\Users\chaos\Desktop\data ML\z\z.jpg
z	C:\Users\chaos\Desktop\data ML\z\z.png
z	C:\Users\chaos\Desktop\data ML\z\z1.png
z	C:\Users\chaos\Desktop\data ML\z\z2.png
z	C:\Users\chaos\Desktop\data ML\z\z3.png
z	C:\Users\chaos\Desktop\data ML\z\z4.png
z	C:\Users\chaos\Desktop\data ML\z\z5.png
z	C:\Users\chaos\Desktop\data ML\z\z6.png
z	C:\Users\chaos\Desktop\data ML\z\z7.png
z	C:\Users\chaos\Desktop\data ML\z\z8.png
